time,x,y
1728643649840,331.07774121473733,186.42777617339493
1728643649844,331.07774121473733,186.42777617339493
1728643649854,331.07774121473733,186.42777617339493
1728643649859,331.07774121473733,186.42777617339493
1728643649869,331.07774121473733,186.42777617339493
1728643649869,331.07774121473733,186.42777617339493
1728643649878,331.07774121473733,186.42777617339493
1728643649887,330.42450829888134,185.91133800462063
1728643649892,330.42450829888134,185.91133800462063
1728643649901,330.42450829888134,185.91133800462063
1728643649905,330.42450829888134,185.91133800462063
1728643649910,330.42450829888134,185.91133800462063
1728643649921,330.42450829888134,185.91133800462063
1728643649925,330.42450829888134,185.91133800462063
1728643649929,330.83128267874514,184.15075161113816
1728643649940,330.83128267874514,184.15075161113816
1728643649945,330.83128267874514,184.15075161113816
1728643649950,330.83128267874514,184.15075161113816
1728643649955,330.83128267874514,184.15075161113816
1728643649960,330.83128267874514,184.15075161113816
1728643649973,330.96651948565176,183.05002887889106
1728643649978,330.96651948565176,183.05002887889106
1728643649982,330.96651948565176,183.05002887889106
1728643649987,330.96651948565176,183.05002887889106
1728643649995,330.96651948565176,183.05002887889106
1728643650001,330.96651948565176,183.05002887889106
1728643650010,330.96651948565176,183.05002887889106
1728643650010,330.1450860286965,182.87996640928986
1728643650015,330.1450860286965,182.87996640928986
1728643650030,330.1450860286965,182.87996640928986
1728643650035,330.1450860286965,182.87996640928986
1728643650039,330.1450860286965,182.87996640928986
1728643650049,330.1450860286965,182.87996640928986
1728643650054,330.1450860286965,182.87996640928986
1728643650059,329.8420286660992,183.22296023832683
1728643650068,329.8420286660992,183.22296023832683
1728643650069,329.8420286660992,183.22296023832683
1728643650078,329.8420286660992,183.22296023832683
1728643650087,329.8420286660992,183.22296023832683
1728643650092,329.8420286660992,183.22296023832683
1728643650097,329.8420286660992,183.22296023832683
1728643650107,329.16970148346303,182.21590390928986
1728643650112,329.16970148346303,182.21590390928986
1728643650117,329.16970148346303,182.21590390928986
1728643650126,329.16970148346303,182.21590390928986
1728643650126,329.16970148346303,182.21590390928986
1728643650137,329.16970148346303,182.21590390928986
1728643650146,329.12416023224705,182.59704827334633
1728643650151,329.12416023224705,182.59704827334633
1728643650155,329.12416023224705,182.59704827334633
1728643650160,329.12416023224705,182.59704827334633
1728643650171,329.12416023224705,182.59704827334633
1728643650176,329.12416023224705,182.59704827334633
1728643650185,329.12416023224705,182.59704827334633
1728643650185,328.7322052833171,182.87810448078795
1728643650191,328.7322052833171,182.87810448078795
1728643650204,328.7322052833171,182.87810448078795
1728643650209,328.7322052833171,182.87810448078795
1728643650218,328.7322052833171,182.87810448078795
1728643650218,328.7322052833171,182.87810448078795
1728643650228,328.60263025899803,182.94967473249028
1728643650238,328.60263025899803,182.94967473249028
1728643650243,328.60263025899803,182.94967473249028
1728643650248,328.60263025899803,182.94967473249028
1728643650253,328.60263025899803,182.94967473249028
1728643650262,328.60263025899803,182.94967473249028
1728643650267,328.60263025899803,182.94967473249028
1728643650277,328.46802042801556,182.34933578550584
1728643650277,328.46802042801556,182.34933578550584
1728643650282,328.46802042801556,182.34933578550584
1728643650296,328.46802042801556,182.34933578550584
1728643650301,328.46802042801556,182.34933578550584
1728643650306,328.46802042801556,182.34933578550584
1728643650314,328.35822364421205,182.39879088643
1728643650319,328.35822364421205,182.39879088643
1728643650329,328.35822364421205,182.39879088643
1728643650334,328.35822364421205,182.39879088643
1728643650338,328.35822364421205,182.39879088643
1728643650343,328.35822364421205,182.39879088643
1728643650353,328.35822364421205,182.39879088643
1728643650363,328.35822364421205,182.39879088643
1728643650363,328.1034054292315,183.03023163910507
1728643650373,328.1034054292315,183.03023163910507
1728643650383,328.1034054292315,183.03023163910507
1728643650388,328.1034054292315,183.03023163910507
1728643650397,328.1034054292315,183.03023163910507
1728643650397,328.4304208718385,183.57330678501944
1728643650406,328.4304208718385,183.57330678501944
1728643650417,328.4304208718385,183.57330678501944
1728643650422,328.4304208718385,183.57330678501944
1728643650427,328.4304208718385,183.57330678501944
1728643650431,328.4304208718385,183.57330678501944
1728643650441,328.2792246777724,183.25425203672177
1728643650446,328.2792246777724,183.25425203672177
1728643650456,328.2792246777724,183.25425203672177
1728643650456,328.2792246777724,183.25425203672177
1728643650461,328.2792246777724,183.25425203672177
1728643650476,328.2792246777724,183.25425203672177
1728643650481,328.2792246777724,183.25425203672177
1728643650485,328.2792246777724,183.25425203672177
1728643650494,327.9768702881809,182.87968142023345
1728643650500,327.9768702881809,182.87968142023345
1728643650504,327.9768702881809,182.87968142023345
1728643650514,327.9768702881809,182.87968142023345
1728643650520,327.9768702881809,182.87968142023345
1728643650524,327.9768702881809,182.87968142023345
1728643650535,328.14087199051556,183.17857794260703
1728643650541,328.14087199051556,183.17857794260703
1728643650545,328.14087199051556,183.17857794260703
1728643650550,328.14087199051556,183.17857794260703
1728643650560,328.14087199051556,183.17857794260703
1728643650564,328.14087199051556,183.17857794260703
1728643650568,328.14087199051556,183.17857794260703
1728643650573,328.2352793652724,183.17550006079767
1728643650583,328.2352793652724,183.17550006079767
1728643650587,328.2352793652724,183.17550006079767
1728643650596,328.2352793652724,183.17550006079767
1728643650601,328.2352793652724,183.17550006079767
1728643650606,328.2352793652724,183.17550006079767
1728643650616,328.2352793652724,183.17550006079767
1728643650621,328.3661083414397,183.79065843871598
1728643650626,328.3661083414397,183.79065843871598
1728643650631,328.3661083414397,183.79065843871598
1728643650641,328.3661083414397,183.79065843871598
1728643650650,328.3661083414397,183.79065843871598
1728643650655,328.3661083414397,183.79065843871598
1728643650660,328.36979419990274,183.58176146035993
1728643650664,328.36979419990274,183.58176146035993
1728643650675,328.36979419990274,183.58176146035993
1728643650680,328.36979419990274,183.58176146035993
1728643650689,328.36979419990274,183.58176146035993
1728643650693,328.36979419990274,183.58176146035993
1728643650698,328.36979419990274,183.58176146035993
1728643650710,328.28952228234436,183.21617749878408
1728643650715,328.28952228234436,183.21617749878408
1728643650719,328.28952228234436,183.21617749878408
1728643650729,328.28952228234436,183.21617749878408
1728643650729,328.28952228234436,183.21617749878408
1728643650735,328.28952228234436,183.21617749878408
1728643650745,328.28952228234436,183.21617749878408
1728643650754,328.28952228234436,183.21617749878408
1728643650759,328.5426495622568,183.48858903818092
1728643650763,328.5426495622568,183.48858903818092
1728643650774,328.5426495622568,183.48858903818092
1728643650779,328.5426495622568,183.48858903818092
1728643650783,328.5426495622568,183.48858903818092
1728643650793,328.7026994163424,183.82227322470817
1728643650798,328.7026994163424,183.82227322470817
1728643650803,328.7026994163424,183.82227322470817
1728643650808,328.7026994163424,183.82227322470817
1728643650817,328.7026994163424,183.82227322470817
1728643650822,328.7026994163424,183.82227322470817
1728643650832,328.7026994163424,183.82227322470817
1728643650832,328.6559422118191,183.52573261186768
1728643650841,328.6559422118191,183.52573261186768
1728643650851,328.6559422118191,183.52573261186768
1728643650855,328.6559422118191,183.52573261186768
1728643650865,328.6559422118191,183.52573261186768
1728643650865,328.6559422118191,183.52573261186768
1728643650874,328.50396704766536,183.20405596425098
1728643650883,328.50396704766536,183.20405596425098
1728643650888,328.50396704766536,183.20405596425098
1728643650894,328.50396704766536,183.20405596425098
1728643650898,328.50396704766536,183.20405596425098
1728643650908,328.50396704766536,183.20405596425098
1728643650917,328.50396704766536,183.20405596425098
1728643650922,328.7891840953307,183.261984739786
1728643650922,328.7891840953307,183.261984739786
1728643650932,328.7891840953307,183.261984739786
1728643650942,328.7891840953307,183.261984739786
1728643650947,328.7891840953307,183.261984739786
1728643650956,328.7891840953307,183.261984739786
1728643650956,328.7891840953307,183.261984739786
1728643650965,328.6985765746595,183.80407192363816
1728643650974,328.6985765746595,183.80407192363816
1728643650979,328.6985765746595,183.80407192363816
1728643650990,328.6985765746595,183.80407192363816
1728643650995,328.6985765746595,183.80407192363816
1728643650995,328.6985765746595,183.80407192363816
1728643651009,328.9046806602626,183.5121481335117
1728643651013,328.9046806602626,183.5121481335117
1728643651018,328.9046806602626,183.5121481335117
1728643651023,328.9046806602626,183.5121481335117
1728643651032,328.9046806602626,183.5121481335117
1728643651042,328.9046806602626,183.5121481335117
1728643651046,328.9046806602626,183.5121481335117
1728643651051,328.8385252006323,183.34852641658563
1728643651056,328.8385252006323,183.34852641658563
1728643651066,328.8385252006323,183.34852641658563
1728643651072,328.8385252006323,183.34852641658563
1728643651082,328.8385252006323,183.34852641658563
1728643651082,328.8385252006323,183.34852641658563
1728643651092,328.82492172300584,183.91618661843387
1728643651101,328.82492172300584,183.91618661843387
1728643651105,328.82492172300584,183.91618661843387
1728643651110,328.82492172300584,183.91618661843387
1728643651115,328.82492172300584,183.91618661843387
1728643651124,328.82492172300584,183.91618661843387
1728643651131,328.82492172300584,183.91618661843387
1728643651140,328.82492172300584,183.91618661843387
1728643651140,328.8253397069553,184.07984633390078
1728643651145,328.8253397069553,184.07984633390078
1728643651160,328.8253397069553,184.07984633390078
1728643651165,328.8253397069553,184.07984633390078
1728643651170,328.8253397069553,184.07984633390078
1728643651175,328.8253397069553,184.07984633390078
1728643651185,329.0246040552043,184.1498396461576
1728643651190,329.0246040552043,184.1498396461576
1728643651195,329.0246040552043,184.1498396461576
1728643651200,329.0246040552043,184.1498396461576
1728643651210,329.0246040552043,184.1498396461576
1728643651215,329.0246040552043,184.1498396461576
1728643651220,329.0246040552043,184.1498396461576
1728643651230,329.0363456043288,184.0139568640564
1728643651234,329.0363456043288,184.0139568640564
1728643651239,329.0363456043288,184.0139568640564
1728643651249,329.0363456043288,184.0139568640564
1728643651254,329.0363456043288,184.0139568640564
1728643651258,329.0363456043288,184.0139568640564
1728643651268,329.0481441512646,183.5116161539397
1728643651273,329.0481441512646,183.5116161539397
1728643651278,329.0481441512646,183.5116161539397
1728643651283,329.0481441512646,183.5116161539397
1728643651292,329.0481441512646,183.5116161539397
1728643651296,329.0481441512646,183.5116161539397
1728643651307,329.0481441512646,183.5116161539397
1728643651312,328.84388299489297,183.5920590649319
1728643651312,328.84388299489297,183.5920590649319
1728643651326,328.84388299489297,183.5920590649319
1728643651330,328.84388299489297,183.5920590649319
1728643651336,328.84388299489297,183.5920590649319
1728643651345,328.84388299489297,183.5920590649319
1728643651350,328.84388299489297,183.5920590649319
1728643651355,329.00003799854085,183.03178957928014
1728643651363,329.00003799854085,183.03178957928014
1728643651363,329.00003799854085,183.03178957928014
1728643651373,329.00003799854085,183.03178957928014
1728643651383,329.00003799854085,183.03178957928014
1728643651388,329.00003799854085,183.03178957928014
1728643651393,329.00003799854085,183.03178957928014
1728643651398,328.8199819126946,182.86237308487352
1728643651409,328.8199819126946,182.86237308487352
1728643651414,328.8199819126946,182.86237308487352
1728643651423,328.8199819126946,182.86237308487352
1728643651423,328.8199819126946,182.86237308487352
1728643651433,328.8199819126946,182.86237308487352
1728643651443,328.68305417071986,182.70667406371598
1728643651447,328.68305417071986,182.70667406371598
1728643651452,328.68305417071986,182.70667406371598
1728643651457,328.68305417071986,182.70667406371598
1728643651467,328.68305417071986,182.70667406371598
1728643651472,328.68305417071986,182.70667406371598
1728643651482,328.68305417071986,182.70667406371598
1728643651482,328.82511171571014,182.43593446011675
1728643651492,328.82511171571014,182.43593446011675
1728643651502,328.82511171571014,182.43593446011675
1728643651506,328.82511171571014,182.43593446011675
1728643651511,328.82511171571014,182.43593446011675
1728643651520,328.82511171571014,182.43593446011675
1728643651525,328.58262402723733,182.19337077456225
1728643651530,328.58262402723733,182.19337077456225
1728643651540,328.58262402723733,182.19337077456225
1728643651540,328.58262402723733,182.19337077456225
1728643651549,328.58262402723733,182.19337077456225
1728643651559,328.58262402723733,182.19337077456225
1728643651564,328.58262402723733,182.19337077456225
1728643651569,328.70727824051556,182.1503184277724
1728643651573,328.70727824051556,182.1503184277724
1728643651583,328.70727824051556,182.1503184277724
1728643651592,328.70727824051556,182.1503184277724
1728643651597,328.70727824051556,182.1503184277724
1728643651597,328.70727824051556,182.1503184277724
1728643651606,328.4072037633755,181.63958004012648
1728643651617,328.4072037633755,181.63958004012648
1728643651622,328.4072037633755,181.63958004012648
1728643651627,328.4072037633755,181.63958004012648
1728643651632,328.4072037633755,181.63958004012648
1728643651641,328.4072037633755,181.63958004012648
1728643651650,328.4072037633755,181.63958004012648
1728643651655,328.4072037633755,181.63958004012648
1728643651660,328.4030619224222,181.8654243677043
1728643651665,328.4030619224222,181.8654243677043
1728643651674,328.4030619224222,181.8654243677043
1728643651684,328.4030619224222,181.8654243677043
1728643651688,328.4030619224222,181.8654243677043
1728643651693,328.4030619224222,181.8654243677043
1728643651698,328.5040050462062,181.9995022191148
1728643651708,328.5040050462062,181.9995022191148
1728643651714,328.5040050462062,181.9995022191148
1728643651719,328.5040050462062,181.9995022191148
1728643651723,328.5040050462062,181.9995022191148
1728643651734,328.5040050462062,181.9995022191148
1728643651738,328.5040050462062,181.9995022191148
1728643651748,328.2528346911479,181.74734390199416
1728643651748,328.2528346911479,181.74734390199416
1728643651753,328.2528346911479,181.74734390199416
1728643651767,328.2528346911479,181.74734390199416
1728643651772,328.2528346911479,181.74734390199416
1728643651777,328.2528346911479,181.74734390199416
1728643651787,328.2528346911479,181.74734390199416
1728643651792,328.3367734678988,181.88024379863816
1728643651796,328.3367734678988,181.88024379863816
1728643651802,328.3367734678988,181.88024379863816
1728643651806,328.3367734678988,181.88024379863816
1728643651816,328.3367734678988,181.88024379863816
1728643651822,328.3367734678988,181.88024379863816
1728643651827,328.3367734678988,181.88024379863816
1728643651831,328.5207244041829,181.89578520184824
1728643651842,328.5207244041829,181.89578520184824
1728643651847,328.5207244041829,181.89578520184824
1728643651856,328.5207244041829,181.89578520184824
1728643651856,328.5207244041829,181.89578520184824
1728643651866,328.5207244041829,181.89578520184824
1728643651876,328.35503176678014,182.31665704036965
1728643651880,328.35503176678014,182.31665704036965
1728643651885,328.35503176678014,182.31665704036965
1728643651889,328.35503176678014,182.31665704036965
1728643651900,328.35503176678014,182.31665704036965
1728643651905,328.35503176678014,182.31665704036965
1728643651909,328.35503176678014,182.31665704036965
1728643651915,328.7814893908074,182.85011855544747
1728643651925,328.7814893908074,182.85011855544747
1728643651930,328.7814893908074,182.85011855544747
1728643651935,328.7814893908074,182.85011855544747
1728643651940,328.7814893908074,182.85011855544747
1728643651949,328.7814893908074,182.85011855544747
1728643651959,328.7814893908074,182.85011855544747
1728643651964,328.7968218020428,183.00315767874514
1728643651969,328.7968218020428,183.00315767874514
1728643651974,328.7968218020428,183.00315767874514
1728643651984,328.7968218020428,183.00315767874514
1728643651988,328.7968218020428,183.00315767874514
1728643651998,328.7968218020428,183.00315767874514
1728643652003,329.1571239664397,182.84899759849225
1728643652008,329.1571239664397,182.84899759849225
1728643652013,329.1571239664397,182.84899759849225
1728643652023,329.1571239664397,182.84899759849225
1728643652028,329.1571239664397,182.84899759849225
1728643652033,329.1571239664397,182.84899759849225
1728643652042,329.19413454523345,182.6607718263619
1728643652047,329.19413454523345,182.6607718263619
1728643652052,329.19413454523345,182.6607718263619
1728643652057,329.19413454523345,182.6607718263619
1728643652066,329.19413454523345,182.6607718263619
1728643652076,329.19413454523345,182.6607718263619
1728643652080,329.19413454523345,182.6607718263619
1728643652085,329.19413454523345,182.6607718263619
1728643652090,329.4199028757296,182.61809946498056
1728643652099,329.4199028757296,182.61809946498056
1728643652104,329.4199028757296,182.61809946498056
1728643652114,329.4199028757296,182.61809946498056
1728643652118,329.4199028757296,182.61809946498056
1728643652123,329.4199028757296,182.61809946498056
1728643652133,329.4199028757296,182.61809946498056
1728643652137,329.38773711089493,182.29659381079767
1728643652143,329.38773711089493,182.29659381079767
1728643652148,329.38773711089493,182.29659381079767
1728643652158,329.38773711089493,182.29659381079767
1728643652163,329.38773711089493,182.29659381079767
1728643652168,329.38773711089493,182.29659381079767
1728643652173,328.80651142996106,181.46064491123542
1728643652183,328.80651142996106,181.46064491123542
1728643652188,328.80651142996106,181.46064491123542
1728643652198,328.80651142996106,181.46064491123542
1728643652198,328.80651142996106,181.46064491123542
1728643652207,328.80651142996106,181.46064491123542
1728643652218,327.9090808912938,182.36428821133268
1728643652222,327.9090808912938,182.36428821133268
1728643652228,327.9090808912938,182.36428821133268
1728643652232,327.9090808912938,182.36428821133268
1728643652242,327.9090808912938,182.36428821133268
1728643652247,327.9090808912938,182.36428821133268
1728643652257,327.9090808912938,182.36428821133268
1728643652257,327.44494771400775,183.91725057757782
1728643652262,327.44494771400775,183.91725057757782
1728643652276,327.44494771400775,183.91725057757782
1728643652281,327.44494771400775,183.91725057757782
1728643652286,327.44494771400775,183.91725057757782
1728643652295,327.44494771400775,183.91725057757782
1728643652301,327.44494771400775,183.91725057757782
1728643652305,327.44494771400775,183.91725057757782
1728643652315,325.95937575997084,184.46492354693578
1728643652315,325.95937575997084,184.46492354693578
1728643652320,325.95937575997084,184.46492354693578
1728643652334,325.95937575997084,184.46492354693578
1728643652338,325.95937575997084,184.46492354693578
1728643652348,325.95937575997084,184.46492354693578
1728643652353,325.6725627735895,184.62094555569064
1728643652359,325.6725627735895,184.62094555569064
1728643652363,325.6725627735895,184.62094555569064
1728643652369,325.6725627735895,184.62094555569064
1728643652373,325.6725627735895,184.62094555569064
1728643652385,325.6725627735895,184.62094555569064
1728643652391,325.6725627735895,184.62094555569064
1728643652396,323.15588141415367,185.62144713643
1728643652401,323.15588141415367,185.62144713643
1728643652411,323.15588141415367,185.62144713643
1728643652416,323.15588141415367,185.62144713643
1728643652420,323.15588141415367,185.62144713643
1728643652429,323.15588141415367,185.62144713643
1728643652435,322.3213384606031,182.97999756809338
1728643652438,322.3213384606031,182.97999756809338
1728643652448,322.3213384606031,182.97999756809338
1728643652454,322.3213384606031,182.97999756809338
1728643652454,322.3213384606031,182.97999756809338
1728643652467,322.3213384606031,182.97999756809338
1728643652472,322.3213384606031,182.97999756809338
1728643652482,322.3213384606031,182.97999756809338
1728643652486,320.6860522555934,182.55310296084633
1728643652492,320.6860522555934,182.55310296084633
1728643652496,320.6860522555934,182.55310296084633
1728643652506,320.6860522555934,182.55310296084633
1728643652511,320.6860522555934,182.55310296084633
1728643652516,320.6860522555934,182.55310296084633
1728643652526,315.38383086089493,180.7272540734436
1728643652530,315.38383086089493,180.7272540734436
1728643652535,315.38383086089493,180.7272540734436
1728643652540,315.38383086089493,180.7272540734436
1728643652549,315.38383086089493,180.7272540734436
1728643652559,315.38383086089493,180.7272540734436
1728643652564,315.38383086089493,180.7272540734436
1728643652564,313.45498692850197,181.318758359679
1728643652574,313.45498692850197,181.318758359679
1728643652583,313.45498692850197,181.318758359679
1728643652589,313.45498692850197,181.318758359679
1728643652599,313.45498692850197,181.318758359679
1728643652599,313.45498692850197,181.318758359679
1728643652606,310.61976380107,180.7036759788424
1728643652616,310.61976380107,180.7036759788424
1728643652620,310.61976380107,180.7036759788424
1728643652630,310.61976380107,180.7036759788424
1728643652635,310.61976380107,180.7036759788424
1728643652640,310.61976380107,180.7036759788424
1728643652645,310.61976380107,180.7036759788424
1728643652654,309.7393756079766,177.07985013375486
1728643652658,309.7393756079766,177.07985013375486
1728643652668,309.7393756079766,177.07985013375486
1728643652673,309.7393756079766,177.07985013375486
1728643652678,309.7393756079766,177.07985013375486
1728643652687,309.7393756079766,177.07985013375486
1728643652692,308.49598735408557,174.00386825145915
1728643652697,308.49598735408557,174.00386825145915
1728643652706,308.49598735408557,174.00386825145915
1728643652711,308.49598735408557,174.00386825145915
1728643652716,308.49598735408557,174.00386825145915
1728643652726,308.49598735408557,174.00386825145915
1728643652730,308.49598735408557,174.00386825145915
1728643652739,308.49598735408557,174.00386825145915
1728643652739,307.9238053258755,169.25323367582686
1728643652748,307.9238053258755,169.25323367582686
1728643652759,307.9238053258755,169.25323367582686
1728643652764,307.9238053258755,169.25323367582686
1728643652774,307.9238053258755,169.25323367582686
1728643652779,307.9238053258755,169.25323367582686
1728643652779,308.4868297057393,162.02461925462063
1728643652792,308.4868297057393,162.02461925462063
1728643652797,308.4868297057393,162.02461925462063
1728643652802,308.4868297057393,162.02461925462063
1728643652812,308.4868297057393,162.02461925462063
1728643652818,308.4868297057393,162.02461925462063
1728643652822,308.4868297057393,162.02461925462063
1728643652827,304.9083931177043,164.1242856274319
1728643652831,304.9083931177043,164.1242856274319
1728643652842,304.9083931177043,164.1242856274319
1728643652847,304.9083931177043,164.1242856274319
1728643652856,304.9083931177043,164.1242856274319
1728643652861,304.9083931177043,164.1242856274319
1728643652865,306.7353249635214,153.59545993433852
1728643652875,306.7353249635214,153.59545993433852
1728643652879,306.7353249635214,153.59545993433852
1728643652889,306.7353249635214,153.59545993433852
1728643652894,306.7353249635214,153.59545993433852
1728643652899,306.7353249635214,153.59545993433852
1728643652909,307.76554140321014,147.28515625
1728643652914,307.76554140321014,147.28515625
1728643652919,307.76554140321014,147.28515625
1728643652923,307.76554140321014,147.28515625
1728643652933,307.76554140321014,147.28515625
1728643652939,307.76554140321014,147.28515625
1728643652949,307.76554140321014,147.28515625
1728643652949,307.76554140321014,147.28515625
1728643652954,306.6146415977626,147.1480955131323
1728643652967,306.6146415977626,147.1480955131323
1728643652972,306.6146415977626,147.1480955131323
1728643652982,306.6146415977626,147.1480955131323
1728643652986,306.6146415977626,147.1480955131323
1728643652990,306.6146415977626,147.1480955131323
1728643653000,309.33640108219845,142.05070525291828
1728643653004,309.33640108219845,142.05070525291828
1728643653009,309.33640108219845,142.05070525291828
1728643653019,309.33640108219845,142.05070525291828
1728643653024,309.33640108219845,142.05070525291828
1728643653029,309.33640108219845,142.05070525291828
1728643653033,309.33640108219845,142.05070525291828
1728643653044,307.9911387402724,142.861328125
1728643653049,307.9911387402724,142.861328125
1728643653054,307.9911387402724,142.861328125
1728643653058,307.9911387402724,142.861328125
1728643653068,307.9911387402724,142.861328125
1728643653073,307.9911387402724,142.861328125
1728643653078,307.9911387402724,142.861328125
1728643653087,306.01719053988325,141.39184855301556
1728643653092,306.01719053988325,141.39184855301556
1728643653097,306.01719053988325,141.39184855301556
1728643653107,306.01719053988325,141.39184855301556
1728643653111,306.01719053988325,141.39184855301556
1728643653116,306.01719053988325,141.39184855301556
1728643653125,304.791281614786,143.44063487962063
1728643653131,304.791281614786,143.44063487962063
1728643653136,304.791281614786,143.44063487962063
1728643653140,304.791281614786,143.44063487962063
1728643653149,304.791281614786,143.44063487962063
1728643653159,304.791281614786,143.44063487962063
1728643653164,304.791281614786,143.44063487962063
1728643653168,304.791281614786,143.44063487962063
1728643653174,308.1428669139105,139.9406652784533
1728643653183,308.1428669139105,139.9406652784533
1728643653193,308.1428669139105,139.9406652784533
1728643653197,308.1428669139105,139.9406652784533
1728643653202,308.1428669139105,139.9406652784533
1728643653207,308.1428669139105,139.9406652784533
1728643653217,305.4469844357977,143.06146643968873
1728643653222,305.4469844357977,143.06146643968873
1728643653227,305.4469844357977,143.06146643968873
1728643653232,305.4469844357977,143.06146643968873
1728643653240,305.4469844357977,143.06146643968873
1728643653247,305.4469844357977,143.06146643968873
1728643653257,305.4469844357977,143.06146643968873
1728643653257,301.421343020428,143.43738600437743
1728643653266,301.421343020428,143.43738600437743
1728643653271,301.421343020428,143.43738600437743
1728643653282,301.421343020428,143.43738600437743
1728643653288,301.421343020428,143.43738600437743
1728643653292,301.421343020428,143.43738600437743
1728643653299,294.2626459143969,142.89332289640078
1728643653309,294.2626459143969,142.89332289640078
1728643653314,294.2626459143969,142.89332289640078
1728643653319,294.2626459143969,142.89332289640078
1728643653328,294.2626459143969,142.89332289640078
1728643653333,294.2626459143969,142.89332289640078
1728643653343,294.2626459143969,142.89332289640078
1728643653348,291.4505258998054,142.42436390442606
1728643653353,291.4505258998054,142.42436390442606
1728643653357,291.4505258998054,142.42436390442606
1728643653368,291.4505258998054,142.42436390442606
1728643653372,291.4505258998054,142.42436390442606
1728643653382,291.4505258998054,142.42436390442606
1728643653382,291.4505258998054,142.42436390442606
1728643653387,287.5105331955253,139.81141324173151
1728643653401,287.5105331955253,139.81141324173151
1728643653405,287.5105331955253,139.81141324173151
1728643653415,287.5105331955253,139.81141324173151
1728643653415,287.5105331955253,139.81141324173151
1728643653425,286.01449264348247,139.66242096303503
1728643653435,286.01449264348247,139.66242096303503
1728643653440,286.01449264348247,139.66242096303503
1728643653444,286.01449264348247,139.66242096303503
1728643653448,286.01449264348247,139.66242096303503
1728643653458,286.01449264348247,139.66242096303503
1728643653467,286.01449264348247,139.66242096303503
1728643653471,286.01449264348247,139.66242096303503
1728643653477,284.32108767023345,140.58299261308366
1728643653482,284.32108767023345,140.58299261308366
1728643653494,284.32108767023345,140.58299261308366
1728643653499,284.32108767023345,140.58299261308366
1728643653503,284.32108767023345,140.58299261308366
1728643653512,284.32108767023345,140.58299261308366
1728643653517,284.64909107490274,142.36305325875486
1728643653522,284.64909107490274,142.36305325875486
1728643653532,284.64909107490274,142.36305325875486
1728643653532,284.64909107490274,142.36305325875486
1728643653539,284.64909107490274,142.36305325875486
1728643653548,284.64909107490274,142.36305325875486
1728643653558,284.64909107490274,142.36305325875486
1728643653563,288.52159837062254,139.453922969358
1728643653563,288.52159837062254,139.453922969358
1728643653574,288.52159837062254,139.453922969358
1728643653584,288.52159837062254,139.453922969358
1728643653589,288.52159837062254,139.453922969358
1728643653600,288.52159837062254,139.453922969358
1728643653605,288.52159837062254,139.453922969358
1728643653605,281.03630380593387,140.15750395184824
1728643653615,281.03630380593387,140.15750395184824
1728643653624,281.03630380593387,140.15750395184824
1728643653634,281.03630380593387,140.15750395184824
1728643653639,281.03630380593387,140.15750395184824
1728643653639,281.03630380593387,140.15750395184824
1728643653648,277.827859010214,138.1384894820039
1728643653658,277.827859010214,138.1384894820039
1728643653667,277.827859010214,138.1384894820039
1728643653672,277.827859010214,138.1384894820039
1728643653677,277.827859010214,138.1384894820039
1728643653682,277.827859010214,138.1384894820039
1728643653693,277.09919899075874,132.8524554657101
1728643653698,277.09919899075874,132.8524554657101
1728643653703,277.09919899075874,132.8524554657101
1728643653707,277.09919899075874,132.8524554657101
1728643653718,277.09919899075874,132.8524554657101
1728643653723,277.09919899075874,132.8524554657101
1728643653727,277.09919899075874,132.8524554657101
1728643653732,276.3408241123541,132.6056549428502
1728643653742,276.3408241123541,132.6056549428502
1728643653747,276.3408241123541,132.6056549428502
1728643653757,276.3408241123541,132.6056549428502
1728643653757,276.3408241123541,132.6056549428502
1728643653765,276.3408241123541,132.6056549428502
1728643653772,275.0334463156615,129.68371914518482
1728643653782,275.0334463156615,129.68371914518482
1728643653787,275.0334463156615,129.68371914518482
1728643653791,275.0334463156615,129.68371914518482
1728643653803,275.0334463156615,129.68371914518482
1728643653808,275.0334463156615,129.68371914518482
1728643653812,275.0334463156615,129.68371914518482
1728643653817,274.9413758511673,128.7668143543288
1728643653821,274.9413758511673,128.7668143543288
1728643653832,274.9413758511673,128.7668143543288
1728643653838,274.9413758511673,128.7668143543288
1728643653843,274.9413758511673,128.7668143543288
1728643653848,274.9413758511673,128.7668143543288
1728643653858,274.9413758511673,128.7668143543288
1728643653862,274.9413758511673,128.7668143543288
1728643653867,275.7964950145914,126.20535171449416
1728643653872,275.7964950145914,126.20535171449416
1728643653882,275.7964950145914,126.20535171449416
1728643653891,275.7964950145914,126.20535171449416
1728643653895,275.7964950145914,126.20535171449416
1728643653900,275.7964950145914,126.20535171449416
1728643653911,274.5808456955253,125.51626717534046
1728643653915,274.5808456955253,125.51626717534046
1728643653920,274.5808456955253,125.51626717534046
1728643653925,274.5808456955253,125.51626717534046
1728643653936,274.5808456955253,125.51626717534046
1728643653941,274.5808456955253,125.51626717534046
1728643653946,274.5808456955253,125.51626717534046
1728643653952,273.17185980058366,123.51311709630352
1728643653957,273.17185980058366,123.51311709630352
1728643653969,273.17185980058366,123.51311709630352
1728643653974,273.17185980058366,123.51311709630352
1728643653978,273.17185980058366,123.51311709630352
1728643653987,273.17185980058366,123.51311709630352
1728643653993,270.5328231395914,122.13435904061285
1728643653998,270.5328231395914,122.13435904061285
1728643654002,270.5328231395914,122.13435904061285
1728643654012,270.5328231395914,122.13435904061285
1728643654017,270.5328231395914,122.13435904061285
1728643654022,270.5328231395914,122.13435904061285
1728643654032,270.5328231395914,122.13435904061285
1728643654036,266.5168333535992,122.607421875
1728643654042,266.5168333535992,122.607421875
1728643654051,266.5168333535992,122.607421875
1728643654055,266.5168333535992,122.607421875
1728643654060,266.5168333535992,122.607421875
1728643654066,266.5168333535992,122.607421875
1728643654078,266.59412238570036,124.4215292132782
1728643654083,266.59412238570036,124.4215292132782
1728643654087,266.59412238570036,124.4215292132782
1728643654092,266.59412238570036,124.4215292132782
1728643654103,266.59412238570036,124.4215292132782
1728643654108,266.59412238570036,124.4215292132782
1728643654114,266.59412238570036,124.4215292132782
1728643654118,266.59412238570036,124.4215292132782
1728643654123,263.1552924367704,125.33668607125486
1728643654133,263.1552924367704,125.33668607125486
1728643654143,263.1552924367704,125.33668607125486
1728643654147,263.1552924367704,125.33668607125486
1728643654147,263.1552924367704,125.33668607125486
1728643654158,263.1552924367704,125.33668607125486
1728643654169,262.5258466074903,129.20480453550584
1728643654173,262.5258466074903,129.20480453550584
1728643654178,262.5258466074903,129.20480453550584
1728643654183,262.5258466074903,129.20480453550584
1728643654194,262.5258466074903,129.20480453550584
1728643654200,262.5258466074903,129.20480453550584
1728643654204,262.5258466074903,129.20480453550584
1728643654209,256.2747446498054,129.33128267874514
1728643654219,256.2747446498054,129.33128267874514
1728643654224,256.2747446498054,129.33128267874514
1728643654229,256.2747446498054,129.33128267874514
1728643654238,256.2747446498054,129.33128267874514
1728643654244,256.2747446498054,129.33128267874514
1728643654244,256.2747446498054,129.33128267874514
1728643654253,252.98319704523345,131.2997210907101
1728643654262,252.98319704523345,131.2997210907101
1728643654267,252.98319704523345,131.2997210907101
1728643654276,252.98319704523345,131.2997210907101
1728643654281,252.98319704523345,131.2997210907101
1728643654291,252.98319704523345,131.2997210907101
1728643654296,247.88823869163423,130.8328520184825
1728643654306,247.88823869163423,130.8328520184825
1728643654311,247.88823869163423,130.8328520184825
1728643654320,247.88823869163423,130.8328520184825
1728643654325,247.88823869163423,130.8328520184825
1728643654335,247.88823869163423,130.8328520184825
1728643654340,247.88823869163423,130.8328520184825
1728643654345,235.59996656128402,137.04445449294747
1728643654356,235.59996656128402,137.04445449294747
1728643654361,235.59996656128402,137.04445449294747
1728643654366,235.59996656128402,137.04445449294747
1728643654372,235.59996656128402,137.04445449294747
1728643654382,235.59996656128402,137.04445449294747
1728643654387,238.09392479328795,133.65483265442606
1728643654396,238.09392479328795,133.65483265442606
1728643654401,238.09392479328795,133.65483265442606
1728643654411,238.09392479328795,133.65483265442606
1728643654416,238.09392479328795,133.65483265442606
1728643654426,238.09392479328795,133.65483265442606
1728643654431,230.68903514105057,132.83387417923151
1728643654436,230.68903514105057,132.83387417923151
1728643654440,230.68903514105057,132.83387417923151
1728643654454,230.68903514105057,132.83387417923151
1728643654460,230.68903514105057,132.83387417923151
1728643654469,230.68903514105057,132.83387417923151
1728643654474,227.0205800097276,131.04091302893968
1728643654479,227.0205800097276,131.04091302893968
1728643654488,227.0205800097276,131.04091302893968
1728643654493,227.0205800097276,131.04091302893968
1728643654503,227.0205800097276,131.04091302893968
1728643654508,227.0205800097276,131.04091302893968
1728643654518,227.0205800097276,131.04091302893968
1728643654523,219.8270382417315,127.83598309824902
1728643654528,219.8270382417315,127.83598309824902
1728643654537,219.8270382417315,127.83598309824902
1728643654547,219.8270382417315,127.83598309824902
1728643654552,219.8270382417315,127.83598309824902
1728643654557,219.8270382417315,127.83598309824902
1728643654567,217.67415491245134,123.85840983706225
1728643654572,217.67415491245134,123.85840983706225
1728643654582,217.67415491245134,123.85840983706225
1728643654587,217.67415491245134,123.85840983706225
1728643654596,217.67415491245134,123.85840983706225
1728643654601,217.06849616974705,123.0887113934825
1728643654610,217.06849616974705,123.0887113934825
1728643654615,217.06849616974705,123.0887113934825
1728643654625,217.06849616974705,123.0887113934825
1728643654630,217.06849616974705,123.0887113934825
1728643654635,217.06849616974705,123.0887113934825
1728643654640,212.25978082441634,128.91170279061285
1728643654651,212.25978082441634,128.91170279061285
1728643654660,212.25978082441634,128.91170279061285
1728643654665,212.25978082441634,128.91170279061285
1728643654675,212.25978082441634,128.91170279061285
1728643654679,212.25978082441634,128.91170279061285
1728643654683,206.29332593628402,130.17454629742218
1728643654693,206.29332593628402,130.17454629742218
1728643654702,206.29332593628402,130.17454629742218
1728643654707,206.29332593628402,130.17454629742218
1728643654717,206.29332593628402,130.17454629742218
1728643654722,206.29332593628402,130.17454629742218
1728643654727,203.9188731152724,130.57172604571986
1728643654737,203.9188731152724,130.57172604571986
1728643654742,203.9188731152724,130.57172604571986
1728643654752,203.9188731152724,130.57172604571986
1728643654758,203.9188731152724,130.57172604571986
1728643654768,203.9188731152724,130.57172604571986
1728643654772,203.9188731152724,130.57172604571986
1728643654777,201.62224130593387,130.6508390077821
1728643654786,201.62224130593387,130.6508390077821
1728643654796,201.62224130593387,130.6508390077821
1728643654800,201.62224130593387,130.6508390077821
1728643654810,201.62224130593387,130.6508390077821
1728643654814,201.62224130593387,130.6508390077821
1728643654824,199.7228462427043,127.23773407101169
1728643654829,199.7228462427043,127.23773407101169
1728643654838,199.7228462427043,127.23773407101169
1728643654844,199.7228462427043,127.23773407101169
1728643654853,199.7228462427043,127.23773407101169
1728643654859,199.7228462427043,127.23773407101169
1728643654864,195.7587624635214,127.10732307879377
1728643654873,195.7587624635214,127.10732307879377
1728643654878,195.7587624635214,127.10732307879377
1728643654888,195.7587624635214,127.10732307879377
1728643654892,195.7587624635214,127.10732307879377
1728643654903,195.7587624635214,127.10732307879377
1728643654907,193.88535840223733,124.96477535262648
1728643654917,193.88535840223733,124.96477535262648
1728643654925,193.88535840223733,124.96477535262648
1728643654930,193.88535840223733,124.96477535262648
1728643654940,193.88535840223733,124.96477535262648
1728643654945,187.75391384970817,121.55528027723736
1728643654950,187.75391384970817,121.55528027723736
1728643654960,187.75391384970817,121.55528027723736
1728643654965,187.75391384970817,121.55528027723736
1728643654976,187.75391384970817,121.55528027723736
1728643654980,187.75391384970817,121.55528027723736
1728643654985,187.75391384970817,121.55528027723736
1728643654990,186.25984922178986,121.03295233463035
1728643655001,186.25984922178986,121.03295233463035
1728643655010,186.25984922178986,121.03295233463035
1728643655015,186.25984922178986,121.03295233463035
1728643655025,186.25984922178986,121.03295233463035
1728643655030,186.25984922178986,121.03295233463035
1728643655036,181.47400899805444,124.48840664518482
1728643655040,181.47400899805444,124.48840664518482
1728643655050,181.47400899805444,124.48840664518482
1728643655061,181.47400899805444,124.48840664518482
1728643655066,181.47400899805444,124.48840664518482
1728643655071,181.47400899805444,124.48840664518482
1728643655080,180.5668318336576,124.89827790612841
1728643655086,180.5668318336576,124.89827790612841
1728643655095,180.5668318336576,124.89827790612841
1728643655100,180.5668318336576,124.89827790612841
1728643655105,180.5668318336576,124.89827790612841
1728643655110,180.5668318336576,124.89827790612841
1728643655115,178.92134302042803,124.4699393543288
1728643655124,178.92134302042803,124.4699393543288
1728643655129,178.92134302042803,124.4699393543288
1728643655140,178.92134302042803,124.4699393543288
1728643655140,178.92134302042803,124.4699393543288
1728643655150,178.92134302042803,124.4699393543288
1728643655154,178.92134302042803,124.4699393543288
1728643655165,178.92134302042803,124.4699393543288
1728643655170,175.93534168287937,126.34932818579767
1728643655176,175.93534168287937,126.34932818579767
1728643655180,175.93534168287937,126.34932818579767
1728643655190,175.93534168287937,126.34932818579767
1728643655194,175.93534168287937,126.34932818579767
1728643655200,171.68471090710113,124.8507417315175
1728643655209,171.68471090710113,124.8507417315175
1728643655213,171.68471090710113,124.8507417315175
1728643655219,171.68471090710113,124.8507417315175
1728643655229,171.68471090710113,124.8507417315175
1728643655234,171.68471090710113,124.8507417315175
1728643655238,171.68471090710113,124.8507417315175
1728643655243,171.68471090710113,124.8507417315175
1728643655253,166.03079401750972,125.06980331955253
1728643655258,166.03079401750972,125.06980331955253
1728643655262,166.03079401750972,125.06980331955253
1728643655272,166.03079401750972,125.06980331955253
1728643655278,166.03079401750972,125.06980331955253
1728643655283,166.03079401750972,125.06980331955253
1728643655288,166.03079401750972,125.06980331955253
1728643655294,159.34681268239297,128.1863106456712
1728643655299,159.34681268239297,128.1863106456712
1728643655309,159.34681268239297,128.1863106456712
1728643655313,159.34681268239297,128.1863106456712
1728643655319,159.34681268239297,128.1863106456712
1728643655323,159.34681268239297,128.1863106456712
1728643655333,154.80822896400775,121.75484861381324
1728643655337,154.80822896400775,121.75484861381324
1728643655347,154.80822896400775,121.75484861381324
1728643655353,154.80822896400775,121.75484861381324
1728643655358,154.80822896400775,121.75484861381324
1728643655367,154.80822896400775,121.75484861381324
1728643655372,154.80822896400775,121.75484861381324
1728643655377,144.08625668774317,122.72491336332686
1728643655382,144.08625668774317,122.72491336332686
1728643655392,144.08625668774317,122.72491336332686
1728643655396,144.08625668774317,122.72491336332686
1728643655406,144.08625668774317,122.72491336332686
1728643655411,144.08625668774317,122.72491336332686
1728643655416,143.11383602869648,121.15990545963035
1728643655425,143.11383602869648,121.15990545963035
1728643655430,143.11383602869648,121.15990545963035
1728643655435,143.11383602869648,121.15990545963035
1728643655439,143.11383602869648,121.15990545963035
1728643655449,143.11383602869648,121.15990545963035
1728643655455,143.11383602869648,121.15990545963035
1728643655459,143.11383602869648,121.15990545963035
1728643655465,146.86094813959141,120.47251185554475
1728643655476,146.86094813959141,120.47251185554475
1728643655480,146.86094813959141,120.47251185554475
1728643655490,146.86094813959141,120.47251185554475
1728643655495,146.86094813959141,120.47251185554475
1728643655500,146.86094813959141,120.47251185554475
1728643655509,143.7761505958171,121.57811740029183
1728643655513,143.7761505958171,121.57811740029183
1728643655519,143.7761505958171,121.57811740029183
1728643655523,143.7761505958171,121.57811740029183
1728643655528,143.7761505958171,121.57811740029183
1728643655539,143.7761505958171,121.57811740029183
1728643655544,143.7761505958171,121.57811740029183
1728643655553,143.7761505958171,121.57811740029183
1728643655559,140.16807514591437,121.47318442971789
1728643655564,140.16807514591437,121.47318442971789
1728643655569,140.16807514591437,121.47318442971789
1728643655573,140.16807514591437,121.47318442971789
1728643655583,140.16807514591437,121.47318442971789
1728643655592,140.16807514591437,121.47318442971789
1728643655597,139.3571862840467,121.45583809581711
1728643655597,139.3571862840467,121.45583809581711
1728643655607,139.3571862840467,121.45583809581711
1728643655617,139.3571862840467,121.45583809581711
1728643655622,139.3571862840467,121.45583809581711
1728643655631,139.3571862840467,121.45583809581711
1728643655631,134.86564475924126,120.94806359435799
1728643655642,134.86564475924126,120.94806359435799
1728643655652,134.86564475924126,120.94806359435799
1728643655656,134.86564475924126,120.94806359435799
1728643655662,134.86564475924126,120.94806359435799
1728643655667,134.86564475924126,120.94806359435799
1728643655677,134.86564475924126,120.94806359435799
1728643655682,128.74130593385212,120.87850726532102
1728643655687,128.74130593385212,120.87850726532102
1728643655691,128.74130593385212,120.87850726532102
1728643655701,128.74130593385212,120.87850726532102
1728643655705,128.74130593385212,120.87850726532102
1728643655715,128.74130593385212,120.87850726532102
1728643655715,128.74130593385212,120.87850726532102
1728643655725,111.07639226653691,118.21019272859922
1728643655735,111.07639226653691,118.21019272859922
1728643655740,111.07639226653691,118.21019272859922
1728643655745,111.07639226653691,118.21019272859922
1728643655750,111.07639226653691,118.21019272859922
1728643655759,111.07639226653691,118.21019272859922
1728643655764,111.07639226653691,118.21019272859922
1728643655769,105.34955617704281,111.84935098492218
1728643655773,105.34955617704281,111.84935098492218
1728643655784,105.34955617704281,111.84935098492218
1728643655788,105.34955617704281,111.84935098492218
1728643655798,105.34955617704281,111.84935098492218
1728643655803,105.34955617704281,111.84935098492218
1728643655808,99.78444187743185,111.46180386673151
1728643655817,99.78444187743185,111.46180386673151
1728643655822,99.78444187743185,111.46180386673151
1728643655832,99.78444187743185,111.46180386673151
1728643655836,99.78444187743185,111.46180386673151
1728643655841,99.78444187743185,111.46180386673151
1728643655851,96.3893482490272,109.8145101228113
1728643655855,96.3893482490272,109.8145101228113
1728643655860,96.3893482490272,109.8145101228113
1728643655865,96.3893482490272,109.8145101228113
1728643655875,96.3893482490272,109.8145101228113
1728643655884,96.3893482490272,109.8145101228113
1728643655889,96.3893482490272,109.8145101228113
1728643655889,96.3893482490272,109.8145101228113
1728643655898,100.7308715345331,107.35733447835602
1728643655909,100.7308715345331,107.35733447835602
1728643655914,100.7308715345331,107.35733447835602
1728643655923,100.7308715345331,107.35733447835602
1728643655928,100.7308715345331,107.35733447835602
1728643655933,100.7308715345331,107.35733447835602
1728643655942,92.01366427529183,107.50115895549612
1728643655947,92.01366427529183,107.50115895549612
1728643655952,92.01366427529183,107.50115895549612
1728643655957,92.01366427529183,107.50115895549612
1728643655966,92.01366427529183,107.50115895549612
1728643655976,92.01366427529183,107.50115895549612
1728643655981,92.01366427529183,107.50115895549612
1728643655981,91.3034335481517,101.79467108463035
1728643655990,91.3034335481517,101.79467108463035
1728643655995,91.3034335481517,101.79467108463035
1728643656009,91.3034335481517,101.79467108463035
1728643656014,91.3034335481517,101.79467108463035
1728643656019,91.3034335481517,101.79467108463035
1728643656024,91.73859283803506,99.65396628769454
1728643656029,91.73859283803506,99.65396628769454
1728643656039,91.73859283803506,99.65396628769454
1728643656044,91.73859283803506,99.65396628769454
1728643656049,91.73859283803506,99.65396628769454
1728643656059,91.73859283803506,99.65396628769454
1728643656064,91.73859283803506,99.65396628769454
1728643656069,87.70113387645915,101.04247096911479
1728643656073,87.70113387645915,101.04247096911479
1728643656083,87.70113387645915,101.04247096911479
1728643656089,87.70113387645915,101.04247096911479
1728643656099,87.70113387645915,101.04247096911479
1728643656099,87.70113387645915,101.04247096911479
1728643656104,87.44061588035015,99.53632280520429
1728643656117,87.44061588035015,99.53632280520429
1728643656122,87.44061588035015,99.53632280520429
1728643656127,87.44061588035015,99.53632280520429
1728643656137,87.44061588035015,99.53632280520429
1728643656142,87.44061588035015,99.53632280520429
1728643656147,87.44061588035015,99.53632280520429
1728643656152,87.44061588035015,99.53632280520429
1728643656157,85.15435767266536,96.60469737962063
1728643656167,85.15435767266536,96.60469737962063
1728643656176,85.15435767266536,96.60469737962063
1728643656180,85.15435767266536,96.60469737962063
1728643656185,85.15435767266536,96.60469737962063
1728643656190,85.15435767266536,96.60469737962063
1728643656200,89.47657769941634,91.34946118069067
1728643656205,89.47657769941634,91.34946118069067
1728643656214,89.47657769941634,91.34946118069067
1728643656214,89.47657769941634,91.34946118069067
1728643656224,89.47657769941634,91.34946118069067
1728643656234,89.47657769941634,91.34946118069067
1728643656239,89.47657769941634,91.34946118069067
1728643656245,93.94615606760703,92.19810159289884
1728643656249,93.94615606760703,92.19810159289884
1728643656259,93.94615606760703,92.19810159289884
1728643656264,93.94615606760703,92.19810159289884
1728643656268,93.94615606760703,92.19810159289884
1728643656273,93.94615606760703,92.19810159289884
1728643656283,91.13912785749028,91.0472207867218
1728643656287,91.13912785749028,91.0472207867218
1728643656297,91.13912785749028,91.0472207867218
1728643656297,91.13912785749028,91.0472207867218
1728643656306,91.13912785749028,91.0472207867218
1728643656317,91.13912785749028,91.0472207867218
1728643656322,91.13912785749028,91.0472207867218
1728643656326,91.13912785749028,91.0472207867218
1728643656331,92.37894424854085,96.68160642631324
1728643656341,92.37894424854085,96.68160642631324
1728643656346,92.37894424854085,96.68160642631324
1728643656350,92.37894424854085,96.68160642631324
1728643656360,92.37894424854085,96.68160642631324
1728643656365,92.37894424854085,96.68160642631324
1728643656369,92.37894424854085,96.68160642631324
1728643656373,94.06566147859917,94.66977368069067
1728643656383,94.06566147859917,94.66977368069067
1728643656388,94.06566147859917,94.66977368069067
1728643656398,94.06566147859917,94.66977368069067
1728643656403,94.06566147859917,94.66977368069067
1728643656407,94.06566147859917,94.66977368069067
1728643656417,94.76814050340465,96.55830116123542
1728643656422,94.76814050340465,96.55830116123542
1728643656427,94.76814050340465,96.55830116123542
1728643656432,94.76814050340465,96.55830116123542
1728643656441,94.76814050340465,96.55830116123542
1728643656451,94.76814050340465,96.55830116123542
1728643656456,94.76814050340465,96.55830116123542
1728643656456,95.24312226410507,92.94591287694553
1728643656465,95.24312226410507,92.94591287694553
1728643656475,95.24312226410507,92.94591287694553
1728643656484,95.24312226410507,92.94591287694553
1728643656489,95.24312226410507,92.94591287694553
1728643656493,95.24312226410507,92.94591287694553
1728643656498,102.49776568579762,100.88430204280155
1728643656508,102.49776568579762,100.88430204280155
1728643656513,102.49776568579762,100.88430204280155
1728643656523,102.49776568579762,100.88430204280155
1728643656528,102.49776568579762,100.88430204280155
1728643656532,102.49776568579762,100.88430204280155
1728643656542,117.44680964250972,98.15346090710116
1728643656547,117.44680964250972,98.15346090710116
1728643656553,117.44680964250972,98.15346090710116
1728643656557,117.44680964250972,98.15346090710116
1728643656572,117.44680964250972,98.15346090710116
1728643656577,117.44680964250972,98.15346090710116
1728643656582,117.44680964250972,98.15346090710116
1728643656587,114.41281614785987,100.30018847276264
1728643656592,114.41281614785987,100.30018847276264
1728643656601,114.41281614785987,100.30018847276264
1728643656606,114.41281614785987,100.30018847276264
1728643656616,114.41281614785987,100.30018847276264
1728643656620,114.41281614785987,100.30018847276264
1728643656625,114.41281614785987,100.30018847276264
1728643656634,122.6567515807393,99.8236107733463
1728643656639,122.6567515807393,99.8236107733463
1728643656644,122.6567515807393,99.8236107733463
1728643656648,122.6567515807393,99.8236107733463
1728643656659,122.6567515807393,99.8236107733463
1728643656663,122.6567515807393,99.8236107733463
1728643656668,122.6567515807393,99.8236107733463
1728643656673,131.05465710116732,99.24730590345331
1728643656684,131.05465710116732,99.24730590345331
1728643656689,131.05465710116732,99.24730590345331
1728643656698,131.05465710116732,99.24730590345331
1728643656703,131.05465710116732,99.24730590345331
1728643656708,131.05465710116732,99.24730590345331
1728643656717,133.21282222762648,97.16386490758754
1728643656722,133.21282222762648,97.16386490758754
1728643656727,133.21282222762648,97.16386490758754
1728643656731,133.21282222762648,97.16386490758754
1728643656741,133.21282222762648,97.16386490758754
1728643656751,133.21282222762648,97.16386490758754
1728643656756,133.21282222762648,97.16386490758754
1728643656756,138.92366093142022,95.63677954766538
1728643656766,138.92366093142022,95.63677954766538
1728643656776,138.92366093142022,95.63677954766538
1728643656780,138.92366093142022,95.63677954766538
1728643656789,138.92366093142022,95.63677954766538
1728643656789,138.92366093142022,95.63677954766538
1728643656799,138.92366093142022,95.63677954766538
1728643656808,136.25658134727627,90.8723325024319
1728643656814,136.25658134727627,90.8723325024319
1728643656819,136.25658134727627,90.8723325024319
1728643656827,136.25658134727627,90.8723325024319
1728643656837,136.25658134727627,90.8723325024319
1728643656841,136.25658134727627,90.8723325024319
1728643656845,136.25658134727627,90.8723325024319
1728643656850,136.74243069066148,92.54689019941634
1728643656859,136.74243069066148,92.54689019941634
1728643656863,136.74243069066148,92.54689019941634
1728643656874,136.74243069066148,92.54689019941634
1728643656879,136.74243069066148,92.54689019941634
1728643656884,136.74243069066148,92.54689019941634
1728643656894,145.78327152237352,97.22749346425098
1728643656898,145.78327152237352,97.22749346425098
1728643656903,145.78327152237352,97.22749346425098
1728643656909,145.78327152237352,97.22749346425098
1728643656918,145.78327152237352,97.22749346425098
1728643656923,145.78327152237352,97.22749346425098
1728643656928,145.78327152237352,97.22749346425098
1728643656933,144.37603356031127,97.9749057636187
1728643656943,144.37603356031127,97.9749057636187
1728643656947,144.37603356031127,97.9749057636187
1728643656952,144.37603356031127,97.9749057636187
1728643656956,144.37603356031127,97.9749057636187
1728643656965,144.37603356031127,97.9749057636187
1728643656975,144.37603356031127,97.9749057636187
1728643656979,143.97564293531127,98.21091470087549
1728643656984,143.97564293531127,98.21091470087549
1728643656994,143.97564293531127,98.21091470087549
1728643656998,143.97564293531127,98.21091470087549
1728643657003,143.97564293531127,98.21091470087549
1728643657012,143.97564293531127,98.21091470087549
1728643657017,137.58656827577818,99.29980088764592
1728643657022,137.58656827577818,99.29980088764592
1728643657032,137.58656827577818,99.29980088764592
1728643657037,137.58656827577818,99.29980088764592
1728643657037,137.58656827577818,99.29980088764592
1728643657051,137.58656827577818,99.29980088764592
1728643657055,137.58656827577818,99.29980088764592
1728643657065,137.58656827577818,99.29980088764592
1728643657070,139.82297239785993,97.46281842777236
1728643657076,139.82297239785993,97.46281842777236
1728643657080,139.82297239785993,97.46281842777236
1728643657090,139.82297239785993,97.46281842777236
1728643657090,139.82297239785993,97.46281842777236
1728643657099,139.82297239785993,97.46281842777236
1728643657109,143.90378769455253,100.30518528088521
1728643657114,143.90378769455253,100.30518528088521
1728643657118,143.90378769455253,100.30518528088521
1728643657124,143.90378769455253,100.30518528088521
1728643657134,143.90378769455253,100.30518528088521
1728643657139,143.90378769455253,100.30518528088521
1728643657144,143.90378769455253,100.30518528088521
1728643657148,147.7445282101167,100.49664092898834
1728643657159,147.7445282101167,100.49664092898834
1728643657164,147.7445282101167,100.49664092898834
1728643657174,147.7445282101167,100.49664092898834
1728643657178,147.7445282101167,100.49664092898834
1728643657183,147.7445282101167,100.49664092898834
1728643657193,148.74008998054472,98.20829280155641
1728643657197,148.74008998054472,98.20829280155641
1728643657202,148.74008998054472,98.20829280155641
1728643657207,148.74008998054472,98.20829280155641
1728643657217,148.74008998054472,98.20829280155641
1728643657222,148.74008998054472,98.20829280155641
1728643657232,148.74008998054472,98.20829280155641
1728643657232,160.14007022130352,98.97384940418289
1728643657241,160.14007022130352,98.97384940418289
1728643657251,160.14007022130352,98.97384940418289
1728643657255,160.14007022130352,98.97384940418289
1728643657260,160.14007022130352,98.97384940418289
1728643657265,160.14007022130352,98.97384940418289
1728643657275,160.14007022130352,98.97384940418289
1728643657279,163.43841956468873,97.56756140564204
1728643657289,163.43841956468873,97.56756140564204
1728643657289,163.43841956468873,97.56756140564204
1728643657299,163.43841956468873,97.56756140564204
1728643657309,163.43841956468873,97.56756140564204
1728643657314,163.43841956468873,97.56756140564204
1728643657319,163.43841956468873,97.56756140564204
1728643657323,166.67308335359922,108.62735970938715
1728643657333,166.67308335359922,108.62735970938715
1728643657339,166.67308335359922,108.62735970938715
1728643657348,166.67308335359922,108.62735970938715
1728643657348,166.67308335359922,108.62735970938715
1728643657358,166.67308335359922,108.62735970938715
1728643657368,173.11417801556422,114.13388025899806
1728643657372,173.11417801556422,114.13388025899806
1728643657377,173.11417801556422,114.13388025899806
1728643657382,173.11417801556422,114.13388025899806
1728643657392,173.11417801556422,114.13388025899806
1728643657397,173.11417801556422,114.13388025899806
1728643657402,173.11417801556422,114.13388025899806
1728643657407,178.6606350316148,113.64489603599222
1728643657417,178.6606350316148,113.64489603599222
1728643657422,178.6606350316148,113.64489603599222
1728643657432,178.6606350316148,113.64489603599222
1728643657437,178.6606350316148,113.64489603599222
1728643657438,178.6606350316148,113.64489603599222
1728643657454,178.6606350316148,113.64489603599222
1728643657459,190.83551951605057,117.85186648832686
1728643657464,190.83551951605057,117.85186648832686
1728643657470,190.83551951605057,117.85186648832686
1728643657475,190.83551951605057,117.85186648832686
1728643657485,190.83551951605057,117.85186648832686
1728643657490,190.83551951605057,117.85186648832686
1728643657494,198.06831377675098,122.70078428988327
1728643657499,198.06831377675098,122.70078428988327
1728643657508,198.06831377675098,122.70078428988327
1728643657512,198.06831377675098,122.70078428988327
1728643657521,198.06831377675098,122.70078428988327
1728643657527,198.06831377675098,122.70078428988327
1728643657531,198.06831377675098,122.70078428988327
1728643657542,198.06831377675098,122.70078428988327
1728643657547,208.72245865758754,119.7596592290856
1728643657547,208.72245865758754,119.7596592290856
1728643657557,208.72245865758754,119.7596592290856
1728643657567,208.72245865758754,119.7596592290856
1728643657572,208.72245865758754,119.7596592290856
1728643657576,208.72245865758754,119.7596592290856
1728643657581,209.6859116609922,113.99702851410507
1728643657592,209.6859116609922,113.99702851410507
1728643657596,209.6859116609922,113.99702851410507
1728643657605,209.6859116609922,113.99702851410507
1728643657605,209.6859116609922,113.99702851410507
1728643657615,209.6859116609922,113.99702851410507
1728643657625,212.2586028696498,110.76859648589493
1728643657634,212.2586028696498,110.76859648589493
1728643657639,212.2586028696498,110.76859648589493
1728643657639,212.2586028696498,110.76859648589493
1728643657649,212.2586028696498,110.76859648589493
1728643657658,212.2586028696498,110.76859648589493
1728643657664,212.2586028696498,110.76859648589493
1728643657669,214.13717473249028,111.08311040856032
1728643657674,214.13717473249028,111.08311040856032
1728643657683,214.13717473249028,111.08311040856032
1728643657688,214.13717473249028,111.08311040856032
1728643657693,214.13717473249028,111.08311040856032
1728643657698,214.13717473249028,111.08311040856032
1728643657708,216.96221425097275,105.97466257295721
1728643657717,216.96221425097275,105.97466257295721
1728643657722,216.96221425097275,105.97466257295721
1728643657722,216.96221425097275,105.97466257295721
1728643657732,216.96221425097275,105.97466257295721
1728643657743,216.96221425097275,105.97466257295721
1728643657747,216.96221425097275,105.97466257295721
1728643657752,216.96221425097275,105.97466257295721
1728643657762,220.9912375364786,106.2397593932393
1728643657767,220.9912375364786,106.2397593932393
1728643657772,220.9912375364786,106.2397593932393
1728643657782,220.9912375364786,106.2397593932393
1728643657787,220.9912375364786,106.2397593932393
1728643657791,220.9912375364786,106.2397593932393
1728643657801,228.9285247446498,104.61306085846303
1728643657806,228.9285247446498,104.61306085846303
1728643657811,228.9285247446498,104.61306085846303
1728643657816,228.9285247446498,104.61306085846303
1728643657826,228.9285247446498,104.61306085846303
1728643657831,228.9285247446498,104.61306085846303
1728643657835,228.9285247446498,104.61306085846303
1728643657840,235.58480514348247,113.54186299246109
1728643657850,235.58480514348247,113.54186299246109
1728643657859,235.58480514348247,113.54186299246109
1728643657864,235.58480514348247,113.54186299246109
1728643657869,235.58480514348247,113.54186299246109
1728643657874,235.58480514348247,113.54186299246109
1728643657883,240.0413500121595,113.14268832076849
1728643657888,240.0413500121595,113.14268832076849
1728643657893,240.0413500121595,113.14268832076849
1728643657899,240.0413500121595,113.14268832076849
1728643657909,240.0413500121595,113.14268832076849
1728643657914,240.0413500121595,113.14268832076849
1728643657923,240.0413500121595,113.14268832076849
1728643657929,240.0413500121595,113.14268832076849
1728643657929,239.88593598005838,116.71206225680933
1728643657942,239.88593598005838,116.71206225680933
1728643657947,239.88593598005838,116.71206225680933
1728643657952,239.88593598005838,116.71206225680933
1728643657962,239.88593598005838,116.71206225680933
1728643657968,239.88593598005838,116.71206225680933
1728643657972,239.88593598005838,116.71206225680933
1728643657977,242.16660840223733,119.04557165004863
1728643657987,242.16660840223733,119.04557165004863
1728643657993,242.16660840223733,119.04557165004863
1728643657997,242.16660840223733,119.04557165004863
1728643658008,242.16660840223733,119.04557165004863
1728643658008,242.16660840223733,119.04557165004863
1728643658012,245.64955465710113,123.10453778574902
1728643658022,245.64955465710113,123.10453778574902
1728643658033,245.64955465710113,123.10453778574902
1728643658037,245.64955465710113,123.10453778574902
1728643658047,245.64955465710113,123.10453778574902
1728643658052,245.64955465710113,123.10453778574902
1728643658057,245.64955465710113,123.10453778574902
1728643658062,244.5445190904669,124.61357383876458
1728643658066,244.5445190904669,124.61357383876458
1728643658075,244.5445190904669,124.61357383876458
1728643658080,244.5445190904669,124.61357383876458
1728643658090,244.5445190904669,124.61357383876458
1728643658095,244.5445190904669,124.61357383876458
1728643658099,248.11079614542803,123.37968522008754
1728643658109,248.11079614542803,123.37968522008754
1728643658114,248.11079614542803,123.37968522008754
1728643658124,248.11079614542803,123.37968522008754
1728643658124,248.11079614542803,123.37968522008754
1728643658128,248.11079614542803,123.37968522008754
1728643658142,251.90768634484436,125.86281386794747
1728643658147,251.90768634484436,125.86281386794747
1728643658152,251.90768634484436,125.86281386794747
1728643658162,251.90768634484436,125.86281386794747
1728643658167,251.90768634484436,125.86281386794747
1728643658172,251.90768634484436,125.86281386794747
1728643658183,251.90768634484436,125.86281386794747
1728643658183,251.90768634484436,125.86281386794747
1728643658187,255.9228781614786,128.28630380593387
1728643658197,255.9228781614786,128.28630380593387
1728643658207,255.9228781614786,128.28630380593387
1728643658212,255.9228781614786,128.28630380593387
1728643658222,255.9228781614786,128.28630380593387
1728643658227,255.9228781614786,128.28630380593387
1728643658232,255.9228781614786,128.28630380593387
1728643658237,250.28476866488325,125.81124984800584
1728643658241,250.28476866488325,125.81124984800584
1728643658251,250.28476866488325,125.81124984800584
1728643658260,250.28476866488325,125.81124984800584
1728643658265,250.28476866488325,125.81124984800584
1728643658270,250.28476866488325,125.81124984800584
1728643658276,258.6295902237354,124.74197090831711
1728643658285,258.6295902237354,124.74197090831711
1728643658290,258.6295902237354,124.74197090831711
1728643658296,258.6295902237354,124.74197090831711
1728643658300,258.6295902237354,124.74197090831711
1728643658309,258.6295902237354,124.74197090831711
1728643658314,258.6295902237354,124.74197090831711
1728643658319,253.06816178258754,120.99955161721789
1728643658323,253.06816178258754,120.99955161721789
1728643658333,253.06816178258754,120.99955161721789
1728643658343,253.06816178258754,120.99955161721789
1728643658347,253.06816178258754,120.99955161721789
1728643658352,253.06816178258754,120.99955161721789
1728643658357,256.7966166099222,119.5263671875
1728643658361,256.7966166099222,119.5263671875
1728643658374,256.7966166099222,119.5263671875
1728643658374,256.7966166099222,119.5263671875
1728643658384,256.7966166099222,119.5263671875
1728643658393,256.7966166099222,119.5263671875
1728643658399,256.7966166099222,119.5263671875
1728643658404,256.7966166099222,119.5263671875
1728643658409,261.58971455496106,122.57677605179961
1728643658419,261.58971455496106,122.57677605179961
1728643658423,261.58971455496106,122.57677605179961
1728643658428,261.58971455496106,122.57677605179961
1728643658437,261.58971455496106,122.57677605179961
1728643658443,261.58971455496106,122.57677605179961
1728643658447,261.58971455496106,122.57677605179961
1728643658457,266.9924230909533,123.2069248540856
1728643658457,266.9924230909533,123.2069248540856
1728643658467,266.9924230909533,123.2069248540856
1728643658477,266.9924230909533,123.2069248540856
1728643658482,266.9924230909533,123.2069248540856
1728643658487,266.9924230909533,123.2069248540856
1728643658491,268.07785141050584,121.34136749148834
1728643658502,268.07785141050584,121.34136749148834
1728643658507,268.07785141050584,121.34136749148834
1728643658511,268.07785141050584,121.34136749148834
1728643658521,268.07785141050584,121.34136749148834
1728643658526,268.07785141050584,121.34136749148834
1728643658532,268.07785141050584,121.34136749148834
1728643658537,272.6442880593385,124.32860378161479
1728643658541,272.6442880593385,124.32860378161479
1728643658551,272.6442880593385,124.32860378161479
1728643658555,272.6442880593385,124.32860378161479
1728643658565,272.6442880593385,124.32860378161479
1728643658571,272.6442880593385,124.32860378161479
1728643658571,275.14987384484436,123.41196498054475
1728643658585,275.14987384484436,123.41196498054475
1728643658590,275.14987384484436,123.41196498054475
1728643658595,275.14987384484436,123.41196498054475
1728643658604,275.14987384484436,123.41196498054475
1728643658604,275.14987384484436,123.41196498054475
1728643658610,275.14987384484436,123.41196498054475
1728643658624,277.21087670233464,123.93833976775292
1728643658629,277.21087670233464,123.93833976775292
1728643658634,277.21087670233464,123.93833976775292
1728643658639,277.21087670233464,123.93833976775292
1728643658649,277.21087670233464,123.93833976775292
1728643658654,277.21087670233464,123.93833976775292
1728643658654,277.21087670233464,123.93833976775292
1728643658667,278.1818534168288,124.76043819917317
1728643658672,278.1818534168288,124.76043819917317
1728643658677,278.1818534168288,124.76043819917317
1728643658686,278.1818534168288,124.76043819917317
1728643658690,278.1818534168288,124.76043819917317
1728643658700,278.1818534168288,124.76043819917317
1728643658705,278.1818534168288,124.76043819917317
1728643658710,281.3179109922179,125.84267464129377
1728643658715,281.3179109922179,125.84267464129377
1728643658725,281.3179109922179,125.84267464129377
1728643658734,281.3179109922179,125.84267464129377
1728643658739,281.3179109922179,125.84267464129377
1728643658739,281.3179109922179,125.84267464129377
1728643658749,281.3208368798638,124.47410019455253
1728643658759,281.3208368798638,124.47410019455253
1728643658764,281.3208368798638,124.47410019455253
1728643658774,281.3208368798638,124.47410019455253
1728643658780,281.3208368798638,124.47410019455253
1728643658780,281.3208368798638,124.47410019455253
1728643658791,285.20120987354085,126.00399744649806
1728643658801,285.20120987354085,126.00399744649806
1728643658805,285.20120987354085,126.00399744649806
1728643658816,285.20120987354085,126.00399744649806
1728643658816,285.20120987354085,126.00399744649806
1728643658821,285.20120987354085,126.00399744649806
1728643658834,285.20120987354085,126.00399744649806
1728643658838,286.54894212062254,129.85157769941634
1728643658844,286.54894212062254,129.85157769941634
1728643658853,286.54894212062254,129.85157769941634
1728643658857,286.54894212062254,129.85157769941634
1728643658868,286.54894212062254,129.85157769941634
1728643658872,286.54894212062254,129.85157769941634
1728643658877,286.54894212062254,129.85157769941634
1728643658882,286.77978325632296,128.02054201118676
1728643658893,286.77978325632296,128.02054201118676
1728643658897,286.77978325632296,128.02054201118676
1728643658902,286.77978325632296,128.02054201118676
1728643658907,286.77978325632296,128.02054201118676
1728643658918,286.77978325632296,128.02054201118676
1728643658922,286.77978325632296,128.02054201118676
1728643658927,293.2610043774319,140.6192242217899
1728643658931,293.2610043774319,140.6192242217899
1728643658941,293.2610043774319,140.6192242217899
1728643658951,293.2610043774319,140.6192242217899
1728643658955,293.2610043774319,140.6192242217899
1728643658960,293.2610043774319,140.6192242217899
1728643658965,294.1401766172179,131.4656037208171
1728643658976,294.1401766172179,131.4656037208171
1728643658980,294.1401766172179,131.4656037208171
1728643658990,294.1401766172179,131.4656037208171
1728643658995,294.1401766172179,131.4656037208171
1728643658999,294.1401766172179,131.4656037208171
1728643659009,301.783203125,141.21766324173151
1728643659014,301.783203125,141.21766324173151
1728643659019,301.783203125,141.21766324173151
1728643659024,301.783203125,141.21766324173151
1728643659034,301.783203125,141.21766324173151
1728643659039,301.783203125,141.21766324173151
1728643659043,301.783203125,141.21766324173151
1728643659048,296.944734922179,131.55326635457197
1728643659058,296.944734922179,131.55326635457197
1728643659062,296.944734922179,131.55326635457197
1728643659072,296.944734922179,131.55326635457197
1728643659078,296.944734922179,131.55326635457197
1728643659082,296.944734922179,131.55326635457197
1728643659091,296.944734922179,131.55326635457197
1728643659096,296.944734922179,131.55326635457197
1728643659102,298.9929702699416,128.83135487597278
1728643659107,298.9929702699416,128.83135487597278
1728643659117,298.9929702699416,128.83135487597278
1728643659122,298.9929702699416,128.83135487597278
1728643659132,298.9929702699416,128.83135487597278
1728643659137,298.9929702699416,128.83135487597278
1728643659137,302.41048303745134,133.20266901750972
1728643659152,302.41048303745134,133.20266901750972
1728643659156,302.41048303745134,133.20266901750972
1728643659162,302.41048303745134,133.20266901750972
1728643659167,302.41048303745134,133.20266901750972
1728643659177,302.41048303745134,133.20266901750972
1728643659182,302.41048303745134,133.20266901750972
1728643659187,307.98141111381324,129.47493616245137
1728643659191,307.98141111381324,129.47493616245137
1728643659196,307.98141111381324,129.47493616245137
1728643659205,307.98141111381324,129.47493616245137
1728643659214,307.98141111381324,129.47493616245137
1728643659219,307.98141111381324,129.47493616245137
1728643659224,307.98141111381324,129.47493616245137
1728643659234,311.4061816026265,129.05803517144943
1728643659241,311.4061816026265,129.05803517144943
1728643659241,311.4061816026265,129.05803517144943
1728643659246,311.4061816026265,129.05803517144943
1728643659259,311.4061816026265,129.05803517144943
1728643659264,311.4061816026265,129.05803517144943
1728643659273,311.4061816026265,129.05803517144943
1728643659278,311.4224449781128,125.22873221668289
1728643659284,311.4224449781128,125.22873221668289
1728643659289,311.4224449781128,125.22873221668289
1728643659299,311.4224449781128,125.22873221668289
1728643659299,311.4224449781128,125.22873221668289
1728643659308,313.3037907344358,123.96256383754863
1728643659317,313.3037907344358,123.96256383754863
1728643659322,313.3037907344358,123.96256383754863
1728643659327,313.3037907344358,123.96256383754863
1728643659332,313.3037907344358,123.96256383754863
1728643659343,313.3037907344358,123.96256383754863
1728643659347,313.3037907344358,123.96256383754863
1728643659352,313.3037907344358,123.96256383754863
1728643659356,310.5400428623541,123.47715147738327
1728643659366,310.5400428623541,123.47715147738327
1728643659376,310.5400428623541,123.47715147738327
1728643659380,310.5400428623541,123.47715147738327
1728643659386,310.5400428623541,123.47715147738327
1728643659391,310.5400428623541,123.47715147738327
1728643659401,310.3297589372568,125.43852216074902
1728643659405,310.3297589372568,125.43852216074902
1728643659410,310.3297589372568,125.43852216074902
1728643659415,310.3297589372568,125.43852216074902
1728643659425,310.3297589372568,125.43852216074902
1728643659434,310.3297589372568,125.43852216074902
1728643659439,310.3297589372568,125.43852216074902
1728643659439,311.4441041464008,125.19398255107004
1728643659448,311.4441041464008,125.19398255107004
1728643659458,311.4441041464008,125.19398255107004
1728643659468,311.4441041464008,125.19398255107004
1728643659472,311.4441041464008,125.19398255107004
1728643659477,311.4441041464008,125.19398255107004
1728643659482,310.62109375,126.48114512402725
1728643659491,310.62109375,126.48114512402725
1728643659501,310.62109375,126.48114512402725
1728643659505,310.62109375,126.48114512402725
1728643659510,310.62109375,126.48114512402725
1728643659515,310.62109375,126.48114512402725
1728643659526,310.62109375,126.48114512402725
1728643659530,311.08315600680936,128.5925340466926
1728643659535,311.08315600680936,128.5925340466926
1728643659540,311.08315600680936,128.5925340466926
1728643659550,311.08315600680936,128.5925340466926
1728643659556,311.08315600680936,128.5925340466926
1728643659565,311.08315600680936,128.5925340466926
1728643659570,311.08315600680936,128.5925340466926
1728643659571,289.532093567607,137.50072197227627
1728643659584,289.532093567607,137.50072197227627
1728643659590,289.532093567607,137.50072197227627
1728643659595,289.532093567607,137.50072197227627
1728643659603,289.532093567607,137.50072197227627
1728643659608,289.532093567607,137.50072197227627
1728643659613,289.532093567607,137.50072197227627
1728643659623,287.87767509727627,134.57033149927042
1728643659623,287.87767509727627,134.57033149927042
1728643659633,287.87767509727627,134.57033149927042
1728643659642,287.87767509727627,134.57033149927042
1728643659647,287.87767509727627,134.57033149927042
1728643659652,287.87767509727627,134.57033149927042
1728643659661,284.31227200875486,134.0658818701362
1728643659670,284.31227200875486,134.0658818701362
1728643659676,284.31227200875486,134.0658818701362
1728643659681,284.31227200875486,134.0658818701362
1728643659690,284.31227200875486,134.0658818701362
1728643659695,284.31227200875486,134.0658818701362
1728643659704,284.31227200875486,134.0658818701362
1728643659710,287.0947531614786,133.79385031614785
1728643659714,287.0947531614786,133.79385031614785
1728643659719,287.0947531614786,133.79385031614785
1728643659729,287.0947531614786,133.79385031614785
1728643659735,287.0947531614786,133.79385031614785
1728643659735,287.0947531614786,133.79385031614785
1728643659744,285.6802574781128,137.40154578064204
1728643659754,285.6802574781128,137.40154578064204
1728643659759,285.6802574781128,137.40154578064204
1728643659769,285.6802574781128,137.40154578064204
1728643659769,285.6802574781128,137.40154578064204
1728643659778,285.6802574781128,137.40154578064204
1728643659788,289.37329766536965,133.00006079766538
1728643659793,289.37329766536965,133.00006079766538
1728643659798,289.37329766536965,133.00006079766538
1728643659802,289.37329766536965,133.00006079766538
1728643659812,289.37329766536965,133.00006079766538
1728643659822,289.37329766536965,133.00006079766538
1728643659827,289.37329766536965,133.00006079766538
1728643659832,293.5304900291829,136.1418371534533
1728643659836,293.5304900291829,136.1418371534533
1728643659846,293.5304900291829,136.1418371534533
1728643659851,293.5304900291829,136.1418371534533
1728643659861,293.5304900291829,136.1418371534533
1728643659861,293.5304900291829,136.1418371534533
1728643659869,293.5304900291829,136.1418371534533
1728643659879,292.8583718385214,138.80314095938715
1728643659884,292.8583718385214,138.80314095938715
1728643659889,292.8583718385214,138.80314095938715
1728643659894,292.8583718385214,138.80314095938715
1728643659903,292.8583718385214,138.80314095938715
1728643659913,292.8583718385214,138.80314095938715
1728643659918,292.8583718385214,138.80314095938715
1728643659918,297.6041616001946,140.84009074051556
1728643659928,297.6041616001946,140.84009074051556
1728643659938,297.6041616001946,140.84009074051556
1728643659943,297.6041616001946,140.84009074051556
1728643659947,297.6041616001946,140.84009074051556
1728643659952,297.6041616001946,140.84009074051556
1728643659963,297.40375729571986,141.75013679474708
1728643659968,297.40375729571986,141.75013679474708
1728643659973,297.40375729571986,141.75013679474708
1728643659977,297.40375729571986,141.75013679474708
1728643659987,297.40375729571986,141.75013679474708
1728643659992,297.40375729571986,141.75013679474708
1728643660002,297.40375729571986,141.75013679474708
1728643660007,295.43862475680936,144.0777564141537
1728643660011,295.43862475680936,144.0777564141537
1728643660021,295.43862475680936,144.0777564141537
1728643660026,295.43862475680936,144.0777564141537
1728643660036,295.43862475680936,144.0777564141537
1728643660040,295.43862475680936,144.0777564141537
1728643660045,297.8402465345331,145.75827988205253
1728643660055,297.8402465345331,145.75827988205253
1728643660060,297.8402465345331,145.75827988205253
1728643660065,297.8402465345331,145.75827988205253
1728643660069,297.8402465345331,145.75827988205253
1728643660079,297.8402465345331,145.75827988205253
1728643660083,297.8402465345331,145.75827988205253
1728643660093,297.8402465345331,145.75827988205253
1728643660098,307.23998358463035,148.04683700145915
1728643660103,307.23998358463035,148.04683700145915
1728643660113,307.23998358463035,148.04683700145915
1728643660118,307.23998358463035,148.04683700145915
1728643660129,307.23998358463035,148.04683700145915
1728643660129,307.23998358463035,148.04683700145915
1728643660133,307.17990789153697,148.9980734739786
1728643660147,307.17990789153697,148.9980734739786
1728643660152,307.17990789153697,148.9980734739786
1728643660158,307.17990789153697,148.9980734739786
1728643660163,307.17990789153697,148.9980734739786
1728643660173,307.17990789153697,148.9980734739786
1728643660177,307.17990789153697,148.9980734739786
1728643660182,308.0120379377432,154.22684368920233
TUG Times
Total Time,9.69
Stand Up,2.16
Walk Forward,3.89
Turn 1,0.04
Walk Back,3.04
Turn 2,0.04
Sit Down,0.52
